<?xml version="1.0" encoding="UTF-8"?>

<beans xmlns="http://www.springframework.org/schema/beans"
	xmlns:xsi="http://www.w3.org/2001/XMLSchema-instance"
	xmlns:context="http://www.springframework.org/schema/context"
	xmlns:tx="http://www.springframework.org/schema/tx"
	
	xsi:schemaLocation="http://www.springframework.org/schema/beans
	http://www.springframework.org/schema/beans/spring-beans.xsd
	http://www.springframework.org/schema/context
	http://www.springframework.org/schema/context/spring-context.xsd
	http://www.springframework.org/schema/tx
	http://www.springframework.org/schema/tx/spring-tx.xsd">
	
<!-- Day-75 : Configuring & code our SpringMVC project -->

	<tx:annotation-driven/>
	
	<context:component-scan base-package="productcrudapp" />
	
	<bean 
		class="org.springframework.web.servlet.view.InternalResourceViewResolver" 
		name="viewResolver">
		<property name="prefix" value="/WEB-INF/views/" />
		<property name="suffix" value=".jsp" />
	</bean>
	
	<bean class="org.springframework.jdbc.datasource.DriverManagerDataSource" name="ds">
		<property name="driverClassName" value="com.mysql.jdbc.Driver" />
		<property name="url" value="jdbc:mysql://localhost:3306/productcrud_lcwd" />
		<property name="username" value="root" />
		<property name="password" value="root" />
	</bean>
	
	<bean 
		class="org.springframework.orm.hibernate5.LocalSessionFactoryBean" 
		name="factory">
		<!-- Data Sourse -->
		<property name="dataSource" ref="ds" />
		
		<!-- Hibernate Properties -->
		<property name="hibernateProperties">
			<props>
				<prop key="hibernate.dialect">org.hibernate.dialect.MySQL55Dialect</prop>
				<prop key="hibernate.show_sql">true</prop>
				<prop key="hibernate.hbm2ddl.auto">update</prop>
			</props>
		</property>
		
		<!-- Annotated Classes - For Xml we can use mappingResouces -->
		<property name="annotatedClasses">
			<list>
				<value>
					productcrudapp.model.Product
				</value>
			</list>
		</property>
	</bean>
	
	<bean 
		class="org.springframework.orm.hibernate5.HibernateTemplate" 
		name="hibernateTemplate">
		<property name="sessionFactory" ref="factory" />
	</bean>
	
	
	<bean
		class="org.springframework.orm.hibernate5.HibernateTransactionManager"
		name="transactionManager">
		<property name="sessionFactory" ref="factory"></property>
	</bean>
	
</beans>